เลขที่,รหัสประจำตัว,ชื่อ-สกุล,ระดับชั้น,ห้อง,ครูที่ปรึกษา
1,09501,ด.ช.กิตติพงษ์ เรื่องสุขสุด,ม.1,1,นายบรรจง ทองกระจาย
2,09502,ด.ช.จิรายุ บาครี,ม.1,1,นายบรรจง ทองกระจาย
3,09503,ด.ญ.สุธาสินี พลแสน,ม.1,1,นายบรรจง ทองกระจาย
1,09536,ด.ช.กิตติวิน โล่ห์กนก,ม.1,2,นายณัฐพงษ์ อาจารย์ที
2,09537,ด.ช.เขมศักดิ์ ศรีโพนทอง,ม.1,2,นายณัฐพงษ์ อาจารย์ที
3,09538,ด.ญ.ปรีดาภรณ์ รักเรียน,ม.1,2,นายณัฐพงษ์ อาจารย์ที
1,09601,ด.ช.วิศรุต คงสุข,ม.2,1,นางสมศรี ใจดี
2,09602,ด.ญ.พิมพ์มาดา รักดี,ม.2,1,นางสมศรี ใจดี
3,09603,ด.ช.ภัทรพล มั่นคง,ม.2,1,นางสมศรี ใจดี
